{"textures":{"0":"minecraft:пример/satyr"},"elements":[{"name":"cube","from":[5.72,3.4340901,6.9351377],"to":[7.97,7.5440903,9.485138],"rotation":{"angle":45.0,"axis":"x","origin":[10.4,7.33409,9.485138]},"faces":{"down":{"uv":[1.0,9.0,1.9375,10.0625],"rotation":0,"texture":"#0","tintindex":0},"east":{"uv":[7.0625,0.0,6.0,1.6875],"rotation":0,"texture":"#0","tintindex":0},"north":{"uv":[5.6875,6.0,4.75,7.6875],"rotation":0,"texture":"#0","tintindex":0},"south":{"uv":[6.6875,6.25,5.75,7.9375],"rotation":0,"texture":"#0","tintindex":0},"up":{"uv":[0.0,10.0625,0.9375,9.0],"rotation":0,"texture":"#0","tintindex":0},"west":{"uv":[2.3125,4.75,1.25,6.4375],"rotation":0,"texture":"#0","tintindex":0}}},{"name":"cube","from":[6.0199995,3.1040902,5.8551373],"to":[7.67,5.0540905,11.165138],"rotation":{"angle":22.5,"axis":"x","origin":[10.4,7.33409,9.485138]},"faces":{"down":{"uv":[7.0,1.75,7.6875,3.9375],"rotation":0,"texture":"#0","tintindex":0},"east":{"uv":[4.6875,6.0,2.5,6.8125],"rotation":0,"texture":"#0","tintindex":0},"north":{"uv":[11.6875,1.5,11.0,2.3125],"rotation":0,"texture":"#0","tintindex":0},"south":{"uv":[11.6875,2.5,11.0,3.3125],"rotation":0,"texture":"#0","tintindex":0},"up":{"uv":[6.75,8.4375,7.4375,6.25],"rotation":0,"texture":"#0","tintindex":0},"west":{"uv":[6.9375,1.75,4.75,2.5625],"rotation":0,"texture":"#0","tintindex":0}}},{"name":"cube","from":[6.17,0.7776003,12.005032],"to":[7.52,5.4876003,13.355032],"rotation":{"angle":45.0,"axis":"x","origin":[10.4,7.257601,9.995031]},"faces":{"down":{"uv":[11.5,7.25,12.0625,7.8125],"rotation":0,"texture":"#0","tintindex":0},"east":{"uv":[9.3125,5.5,8.75,7.4375],"rotation":0,"texture":"#0","tintindex":0},"north":{"uv":[9.0625,3.5,8.5,5.4375],"rotation":0,"texture":"#0","tintindex":0},"south":{"uv":[4.3125,8.75,3.75,10.6875],"rotation":0,"texture":"#0","tintindex":0},"up":{"uv":[11.5,7.0625,12.0625,6.5],"rotation":0,"texture":"#0","tintindex":0},"west":{"uv":[6.8125,8.5,6.25,10.4375],"rotation":0,"texture":"#0","tintindex":0}}},{"name":"cube","from":[6.0199995,-0.13000035,6.41],"to":[7.67,1.2499998,7.7599998],"rotation":{"angle":0.0,"axis":"x","origin":[10.4,6.2,4.3999996]},"faces":{"down":{"uv":[11.5,5.0,12.1875,5.5625],"rotation":0,"texture":"#0","tintindex":0},"east":{"uv":[10.8125,11.5,10.25,12.0625],"rotation":0,"texture":"#0","tintindex":0},"north":{"uv":[11.9375,11.25,11.25,11.8125],"rotation":0,"texture":"#0","tintindex":0},"south":{"uv":[12.1875,3.5,11.5,4.0625],"rotation":0,"texture":"#0","tintindex":0},"up":{"uv":[11.5,4.8125,12.1875,4.25],"rotation":0,"texture":"#0","tintindex":0},"west":{"uv":[8.3125,11.5,7.75,12.0625],"rotation":0,"texture":"#0","tintindex":0}}}],"display":{"head":{"translation":[0.0,-6.4,0.0],"rotation":[0.0,0.0,0.0],"scale":[3.8095,3.8095,3.8095]}}}