{"textures":{"0":"minecraft:пример/satyr"},"elements":[{"name":"cube","from":[8.030001,3.4340901,6.9351377],"to":[10.280001,7.5440903,9.485138],"rotation":{"angle":45.0,"axis":"x","origin":[5.6,7.33409,9.485138]},"faces":{"down":{"uv":[1.9375,9.0,1.0,10.0625],"rotation":0,"texture":"#0","tintindex":0},"east":{"uv":[1.25,4.75,2.3125,6.4375],"rotation":0,"texture":"#0","tintindex":0},"north":{"uv":[4.75,6.0,5.6875,7.6875],"rotation":0,"texture":"#0","tintindex":0},"south":{"uv":[5.75,6.25,6.6875,7.9375],"rotation":0,"texture":"#0","tintindex":0},"up":{"uv":[0.9375,10.0625,0.0,9.0],"rotation":0,"texture":"#0","tintindex":0},"west":{"uv":[6.0,0.0,7.0625,1.6875],"rotation":0,"texture":"#0","tintindex":0}}},{"name":"cube","from":[8.33,3.1040902,5.8551373],"to":[9.98,5.0540905,11.165138],"rotation":{"angle":22.5,"axis":"x","origin":[5.6,7.33409,9.485138]},"faces":{"down":{"uv":[7.6875,1.75,7.0,3.9375],"rotation":0,"texture":"#0","tintindex":0},"east":{"uv":[4.75,1.75,6.9375,2.5625],"rotation":0,"texture":"#0","tintindex":0},"north":{"uv":[11.0,1.5,11.6875,2.3125],"rotation":0,"texture":"#0","tintindex":0},"south":{"uv":[11.0,2.5,11.6875,3.3125],"rotation":0,"texture":"#0","tintindex":0},"up":{"uv":[7.4375,8.4375,6.75,6.25],"rotation":0,"texture":"#0","tintindex":0},"west":{"uv":[2.5,6.0,4.6875,6.8125],"rotation":0,"texture":"#0","tintindex":0}}},{"name":"cube","from":[8.48,0.7776003,12.005032],"to":[9.83,5.4876003,13.355032],"rotation":{"angle":45.0,"axis":"x","origin":[5.6,7.257601,9.995031]},"faces":{"down":{"uv":[12.0625,7.25,11.5,7.8125],"rotation":0,"texture":"#0","tintindex":0},"east":{"uv":[6.25,8.5,6.8125,10.4375],"rotation":0,"texture":"#0","tintindex":0},"north":{"uv":[8.5,3.5,9.0625,5.4375],"rotation":0,"texture":"#0","tintindex":0},"south":{"uv":[3.75,8.75,4.3125,10.6875],"rotation":0,"texture":"#0","tintindex":0},"up":{"uv":[12.0625,7.0625,11.5,6.5],"rotation":0,"texture":"#0","tintindex":0},"west":{"uv":[8.75,5.5,9.3125,7.4375],"rotation":0,"texture":"#0","tintindex":0}}},{"name":"cube","from":[8.33,-0.13000035,6.41],"to":[9.98,1.2499998,7.7599998],"rotation":{"angle":0.0,"axis":"x","origin":[5.6,6.2,4.3999996]},"faces":{"down":{"uv":[12.1875,5.0,11.5,5.5625],"rotation":0,"texture":"#0","tintindex":0},"east":{"uv":[7.75,11.5,8.3125,12.0625],"rotation":0,"texture":"#0","tintindex":0},"north":{"uv":[11.25,11.25,11.9375,11.8125],"rotation":0,"texture":"#0","tintindex":0},"south":{"uv":[11.5,3.5,12.1875,4.0625],"rotation":0,"texture":"#0","tintindex":0},"up":{"uv":[12.1875,4.8125,11.5,4.25],"rotation":0,"texture":"#0","tintindex":0},"west":{"uv":[10.25,11.5,10.8125,12.0625],"rotation":0,"texture":"#0","tintindex":0}}}],"display":{"head":{"translation":[0.0,-6.4,0.0],"rotation":[0.0,0.0,0.0],"scale":[3.8095,3.8095,3.8095]}}}